INSERT INTO CUBAPETCLINIC_VET (id, first_name, last_name, version) VALUES (1, 'James', 'Carter', 1)^
INSERT INTO CUBAPETCLINIC_VET (id, first_name, last_name, version) VALUES (2, 'Helen', 'Leary', 1)^
INSERT INTO CUBAPETCLINIC_VET (id, first_name, last_name, version) VALUES (3, 'Linda', 'Douglas', 1)^
INSERT INTO CUBAPETCLINIC_VET (id, first_name, last_name, version) VALUES (4, 'Rafael', 'Ortega', 1)^
INSERT INTO CUBAPETCLINIC_VET (id, first_name, last_name, version) VALUES (5, 'Henry', 'Stevens', 1)^
INSERT INTO CUBAPETCLINIC_VET (id, first_name, last_name, version) VALUES (6, 'Sharon', 'Jenkins', 1)^

INSERT INTO CUBAPETCLINIC_SPECIALITY (id, name, version) VALUES (1, 'radiology', 1)^
INSERT INTO CUBAPETCLINIC_SPECIALITY (id, name, version) VALUES (2, 'surgery', 1)^
INSERT INTO CUBAPETCLINIC_SPECIALITY (id, name, version) VALUES (3, 'dentistry', 1)^

INSERT INTO CUBAPETCLINIC_VET_SPECIALITY (vet_id, speciality_id) VALUES (2, 1)^
INSERT INTO CUBAPETCLINIC_VET_SPECIALITY (vet_id, speciality_id) VALUES (3, 2)^
INSERT INTO CUBAPETCLINIC_VET_SPECIALITY (vet_id, speciality_id) VALUES (3, 3)^
INSERT INTO CUBAPETCLINIC_VET_SPECIALITY (vet_id, speciality_id) VALUES (4, 2)^
INSERT INTO CUBAPETCLINIC_VET_SPECIALITY (vet_id, speciality_id) VALUES (5, 1)^

INSERT INTO CUBAPETCLINIC_PET_TYPE (id, name, version) VALUES (1, 'cat', 1)^
INSERT INTO CUBAPETCLINIC_PET_TYPE (id, name, version) VALUES (2, 'dog', 1)^
INSERT INTO CUBAPETCLINIC_PET_TYPE (id, name, version) VALUES (3, 'lizard', 1)^
INSERT INTO CUBAPETCLINIC_PET_TYPE (id, name, version) VALUES (4, 'snake', 1)^
INSERT INTO CUBAPETCLINIC_PET_TYPE (id, name, version) VALUES (5, 'bird', 1)^
INSERT INTO CUBAPETCLINIC_PET_TYPE (id, name, version) VALUES (6, 'hamster', 1)^
